{"cameraMode":{"drawMode":0,"name":"Shaded","section":"Shading Mode"},"sceneLighting":false,"audioPlay":false,"sceneViewState":{"m_AlwaysRefresh":false,"showFog":false,"showSkybox":false,"showFlares":false,"showImageEffects":false,"showParticleSystems":false,"showVisualEffectGraphs":true,"m_FxEnabled":true},"in2DMode":false,"pivot":{"x":-1.59386146068573,"y":-0.30925750732421877,"z":-3.9612274169921877},"rotation":{"x":0.5808747410774231,"y":0.0036586453206837179,"z":-0.002611365634948015,"w":0.8139826059341431},"size":22.494735717773439,"orthographic":false}