{"cameraMode":{"drawMode":0,"name":"Shaded","section":"Shading Mode"},"sceneLighting":false,"audioPlay":false,"sceneViewState":{"m_AlwaysRefresh":false,"showFog":false,"showSkybox":false,"showFlares":false,"showImageEffects":false,"showParticleSystems":false,"showVisualEffectGraphs":true,"m_FxEnabled":true},"in2DMode":false,"pivot":{"x":0.07648314535617829,"y":0.5512886047363281,"z":1.6253643035888672},"rotation":{"x":0.00324991368688643,"y":0.8564571142196655,"z":-0.5161816477775574,"w":0.00539235956966877},"size":13.353510856628418,"orthographic":false}