{"cameraMode":{"drawMode":0,"name":"Shaded","section":"Shading Mode"},"sceneLighting":false,"audioPlay":false,"sceneViewState":{"m_AlwaysRefresh":false,"showFog":false,"showSkybox":false,"showFlares":false,"showImageEffects":false,"showParticleSystems":false,"showVisualEffectGraphs":true,"m_FxEnabled":true},"in2DMode":false,"pivot":{"x":0.31511813402175906,"y":3.490354537963867,"z":0.8343124389648438},"rotation":{"x":0.4778211712837219,"y":-0.019765185192227365,"z":0.010758028365671635,"w":0.8781731128692627},"size":12.43658447265625,"orthographic":false}