{"cameraMode":{"drawMode":0,"name":"Shaded","section":"Shading Mode"},"sceneLighting":false,"audioPlay":false,"sceneViewState":{"m_AlwaysRefresh":false,"showFog":false,"showSkybox":false,"showFlares":false,"showImageEffects":false,"showParticleSystems":false,"showVisualEffectGraphs":true,"m_FxEnabled":true},"in2DMode":false,"pivot":{"x":2.911172866821289,"y":-10.77410888671875,"z":-0.07788276672363281},"rotation":{"x":-0.623965859413147,"y":-0.0018771464237943292,"z":0.0014998778933659196,"w":-0.7814496159553528},"size":31.993053436279298,"orthographic":false}