{"cameraMode":{"drawMode":0,"name":"Shaded","section":"Shading Mode"},"sceneLighting":false,"audioPlay":false,"sceneViewState":{"m_AlwaysRefresh":false,"showFog":false,"showSkybox":false,"showFlares":false,"showImageEffects":false,"showParticleSystems":false,"showVisualEffectGraphs":true,"m_FxEnabled":true},"in2DMode":false,"pivot":{"x":1.0735914707183838,"y":0.009047508239746094,"z":5.811901092529297},"rotation":{"x":0.2568861246109009,"y":0.008693775162100792,"z":-0.002307598013430834,"w":0.9664036631584168},"size":16.615259170532228,"orthographic":false}