{"cameraMode":{"drawMode":0,"name":"Shaded","section":"Shading Mode"},"sceneLighting":false,"audioPlay":false,"sceneViewState":{"m_AlwaysRefresh":false,"showFog":false,"showSkybox":false,"showFlares":false,"showImageEffects":false,"showParticleSystems":false,"showVisualEffectGraphs":true,"m_FxEnabled":true},"in2DMode":false,"pivot":{"x":1177.93017578125,"y":512.73974609375,"z":0.059999942779541019},"rotation":{"x":0.5574267506599426,"y":-0.0074760946445167068,"z":0.005019294563680887,"w":0.8301803469657898},"size":1679.0137939453125,"orthographic":false}