{"cameraMode":{"drawMode":0,"name":"Shaded","section":"Shading Mode"},"sceneLighting":false,"audioPlay":false,"sceneViewState":{"m_AlwaysRefresh":false,"showFog":false,"showSkybox":false,"showFlares":false,"showImageEffects":false,"showParticleSystems":false,"showVisualEffectGraphs":true,"m_FxEnabled":true},"in2DMode":false,"pivot":{"x":1.6682254076004029,"y":8.878074645996094,"z":6.450645446777344},"rotation":{"x":0.36931681632995608,"y":0.012540745548903942,"z":-0.004983730148524046,"w":0.9292089939117432},"size":32.04859924316406,"orthographic":false}