{"cameraMode":{"drawMode":0,"name":"Shaded","section":"Shading Mode"},"sceneLighting":false,"audioPlay":false,"sceneViewState":{"m_AlwaysRefresh":false,"showFog":false,"showSkybox":false,"showFlares":false,"showImageEffects":false,"showParticleSystems":false,"showVisualEffectGraphs":true,"m_FxEnabled":true},"in2DMode":false,"pivot":{"x":-0.07617026567459107,"y":-4.432247161865234,"z":11.884988784790039},"rotation":{"x":0.005987963173538446,"y":0.9008784890174866,"z":-0.43385207653045657,"w":0.012433742173016072},"size":20.88737678527832,"orthographic":false}