{"cameraMode":{"drawMode":0,"name":"Shaded","section":"Shading Mode"},"sceneLighting":true,"audioPlay":false,"sceneViewState":{"m_AlwaysRefresh":false,"showFog":false,"showSkybox":false,"showFlares":false,"showImageEffects":false,"showParticleSystems":false,"showVisualEffectGraphs":true,"m_FxEnabled":true},"in2DMode":false,"pivot":{"x":47.552101135253909,"y":-69.85089111328125,"z":106.41415405273438},"rotation":{"x":0.6953369975090027,"y":-0.003234012285247445,"z":0.003129031043499708,"w":0.7186708450317383},"size":96.31993103027344,"orthographic":true}