{"cameraMode":{"drawMode":0,"name":"Shaded","section":"Shading Mode"},"sceneLighting":false,"audioPlay":false,"sceneViewState":{"m_AlwaysRefresh":false,"showFog":false,"showSkybox":false,"showFlares":false,"showImageEffects":false,"showParticleSystems":false,"showVisualEffectGraphs":true,"m_FxEnabled":true},"in2DMode":false,"pivot":{"x":-7.943634033203125,"y":73.32344055175781,"z":-2.5945117473602297},"rotation":{"x":0.7197133898735046,"y":-0.0031242473050951959,"z":0.0032387154642492534,"w":0.6942582130432129},"size":18.17200469970703,"orthographic":false}