{"cameraMode":{"drawMode":0,"name":"Shaded","section":"Shading Mode"},"sceneLighting":false,"audioPlay":false,"sceneViewState":{"m_AlwaysRefresh":false,"showFog":false,"showSkybox":false,"showFlares":false,"showImageEffects":false,"showParticleSystems":false,"showVisualEffectGraphs":true,"m_FxEnabled":true},"in2DMode":false,"pivot":{"x":-25.764711380004884,"y":-0.8833508491516113,"z":2.5295186042785646},"rotation":{"x":0.6851476430892944,"y":-0.0021891065407544376,"z":0.002058611949905753,"w":0.7284009456634522},"size":21.69779396057129,"orthographic":true}