{"cameraMode":{"drawMode":0,"name":"Shaded","section":"Shading Mode"},"sceneLighting":false,"audioPlay":false,"sceneViewState":{"m_AlwaysRefresh":false,"showFog":false,"showSkybox":false,"showFlares":false,"showImageEffects":false,"showParticleSystems":false,"showVisualEffectGraphs":true,"m_FxEnabled":true},"in2DMode":false,"pivot":{"x":0.3368709087371826,"y":1.1823177337646485,"z":1.611851692199707},"rotation":{"x":0.4791814386844635,"y":-0.015801357105374337,"z":0.008629055693745613,"w":0.8775348663330078},"size":24.78000831604004,"orthographic":false}