{"cameraMode":{"drawMode":0,"name":"Shaded","section":"Shading Mode"},"sceneLighting":false,"audioPlay":false,"sceneViewState":{"m_AlwaysRefresh":false,"showFog":false,"showSkybox":false,"showFlares":false,"showImageEffects":false,"showParticleSystems":false,"showVisualEffectGraphs":true,"m_FxEnabled":true},"in2DMode":false,"pivot":{"x":0.5488109588623047,"y":0.683807373046875,"z":0.8837928771972656},"rotation":{"x":0.4392869770526886,"y":-0.004047196824103594,"z":0.0019786846823990347,"w":0.898337721824646},"size":23.205951690673829,"orthographic":false}