{"cameraMode":{"drawMode":0,"name":"Shaded","section":"Shading Mode"},"sceneLighting":false,"audioPlay":false,"sceneViewState":{"m_AlwaysRefresh":false,"showFog":false,"showSkybox":false,"showFlares":false,"showImageEffects":false,"showParticleSystems":false,"showVisualEffectGraphs":true,"m_FxEnabled":true},"in2DMode":false,"pivot":{"x":-0.21128973364830018,"y":2.6107101440429689,"z":6.792293548583984},"rotation":{"x":-0.004765074234455824,"y":0.749601423740387,"z":-0.6618524789810181,"w":-0.005396171472966671},"size":24.570093154907228,"orthographic":false}