{"cameraMode":{"drawMode":0,"name":"Shaded","section":"Shading Mode"},"sceneLighting":false,"audioPlay":false,"sceneViewState":{"m_AlwaysRefresh":false,"showFog":false,"showSkybox":false,"showFlares":false,"showImageEffects":false,"showParticleSystems":false,"showVisualEffectGraphs":true,"m_FxEnabled":true},"in2DMode":false,"pivot":{"x":1.3309733867645264,"y":-0.6385936737060547,"z":-0.8092823028564453},"rotation":{"x":0.4392869770526886,"y":-0.004047196824103594,"z":0.0019786846823990347,"w":0.898337721824646},"size":18.25852394104004,"orthographic":false}