{"cameraMode":{"drawMode":0,"name":"Shaded","section":"Shading Mode"},"sceneLighting":false,"audioPlay":false,"sceneViewState":{"m_AlwaysRefresh":false,"showFog":false,"showSkybox":false,"showFlares":false,"showImageEffects":false,"showParticleSystems":false,"showVisualEffectGraphs":true,"m_FxEnabled":true},"in2DMode":false,"pivot":{"x":-0.22430086135864259,"y":6.005908966064453,"z":2.5024547576904299},"rotation":{"x":0.4389817714691162,"y":-0.010781371034681797,"z":0.005267941392958164,"w":0.8984165191650391},"size":26.922422409057618,"orthographic":false}