{"cameraMode":{"drawMode":0,"name":"Shaded","section":"Shading Mode"},"sceneLighting":false,"audioPlay":false,"sceneViewState":{"m_AlwaysRefresh":false,"showFog":false,"showSkybox":false,"showFlares":false,"showImageEffects":false,"showParticleSystems":false,"showVisualEffectGraphs":true,"m_FxEnabled":true},"in2DMode":false,"pivot":{"x":-3.468888759613037,"y":1.9140996932983399,"z":-2.686601161956787},"rotation":{"x":0.44975870847702029,"y":0.004019297659397125,"z":-0.0020240226294845344,"w":0.8931393027305603},"size":45.55073928833008,"orthographic":false}